{
	"width" : 848,
	"height" : 480,
	"intrinsic_matrix" :
	[
		422.1437072753906,
		0,
		0,
		0,
		422.1437072753906,
		0,
		427.0083312988281,
		245.2209014892578,
		1
	]
}
